-- ========================================================
-- Script จำลองข้อมูลวัตถุดิบและอาหารสำหรับระบบแพ้อาหาร
-- ========================================================

-- 1. ข้อมูลการแพ้อาหาร (Allergy Flags) แบบหลักๆ
INSERT INTO cleangoal.allergy_flags (flag_id, name, description) VALUES
(1, 'แพ้ถั่วลิสง (Peanut)', 'อาหารที่มีส่วนประกอบของถั่วลิสง'),
(2, 'แพ้อาหารทะเล (Seafood/Shellfish)', 'กุ้ง หอย ปู ปลาหมึก'),
(3, 'แพ้นมวัว (Dairy)', 'ผลิตภัณฑ์ที่ทำจากนมวัว รวมถึงชีส เนย'),
(4, 'แพ้กลูเตน (Gluten)', 'ข้าวสาลี ข้าวบาร์เลย์ แป้งสาลี หรือพาสต้า'),
(5, 'แพ้ไข่ (Egg)', 'อาหารที่มีส่วนประกอบของไข่')
ON CONFLICT (flag_id) DO NOTHING;

-- 2. ข้อมูลวัตถุดิบ (Ingredients) 20 รายการ
INSERT INTO cleangoal.ingredients (ingredient_id, name, category, calories_per_unit) VALUES
(1, 'ถั่วลิสงบด', 'Nuts', 588.0),
(2, 'กุ้งสด', 'Seafood', 99.0),
(3, 'นมวัวรสจืด', 'Dairy', 42.0),
(4, 'แป้งสาลี', 'Grains', 364.0),
(5, 'ไข่ไก่', 'Dairy & Eggs', 155.0),
(6, 'เนื้อไก่ (อก)', 'Meat', 165.0),
(7, 'ข้าวหอมมะลิ (หุงสุก)', 'Grains', 130.0),
(8, 'เนื้อหมูสันใน', 'Meat', 143.0),
(9, 'ผักกาดหอม', 'Vegetables', 15.0),
(10, 'ปลาแซลมอน', 'Seafood', 208.0),
(11, 'น้ำมันถั่วเหลือง', 'Fats', 884.0),
(12, 'น้ำตาลทราย', 'Sugars', 387.0),
(13, 'ชีสแผ่น', 'Dairy', 402.0),
(14, 'เส้นสปาเก็ตตี้', 'Grains', 158.0),
(15, 'ปูอัด', 'Seafood', 95.0),
(16, 'กะทิ', 'Fats', 230.0),
(17, 'ปลาหมึกสด', 'Seafood', 92.0),
(18, 'เนยสด', 'Dairy', 717.0),
(19, 'ซอสถั่วเหลือง', 'Condiments', 43.0),
(20, 'ขนมปังแผ่น', 'Grains', 265.0)
ON CONFLICT (ingredient_id) DO NOTHING;

-- 3. ข้อมูลอาหาร/เมนู (Foods) 20 รายการ
INSERT INTO cleangoal.foods (food_id, food_name, food_type, calories, protein, carbs, fat, serving_quantity, serving_unit) VALUES
(1, 'แซนด์วิชเนยถั่ว', 'recipe_dish', 350.0, 10.0, 40.0, 15.0, 1, 'ชิ้น'),
(2, 'ข้าวผัดกุ้ง', 'recipe_dish', 450.0, 15.0, 60.0, 12.0, 1, 'จาน'),
(3, 'นมสด', 'recipe_dish', 150.0, 8.0, 12.0, 8.0, 1, 'แก้ว'),
(4, 'สปาเก็ตตี้คาโบนาร่า', 'recipe_dish', 600.0, 20.0, 50.0, 30.0, 1, 'จาน'),
(5, 'ไข่เจียวหมูสับ', 'recipe_dish', 320.0, 15.0, 5.0, 25.0, 1, 'จาน'),
(6, 'ข้าวมันไก่', 'recipe_dish', 550.0, 25.0, 65.0, 20.0, 1, 'จาน'),
(7, 'สลัดแซลมอน', 'recipe_dish', 300.0, 22.0, 10.0, 18.0, 1, 'จาน'),
(8, 'ต้มยำกุ้งน้ำข้น', 'recipe_dish', 250.0, 20.0, 15.0, 12.0, 1, 'ถ้วย'),
(9, 'แซนด์วิชแฮมชีส', 'recipe_dish', 310.0, 15.0, 35.0, 12.0, 1, 'ชิ้น'),
(10, 'ข้าวเกรียบปลาหมึก', 'recipe_dish', 200.0, 5.0, 30.0, 8.0, 1, 'ซอง'),
(11, 'แพนเค้ก', 'recipe_dish', 250.0, 6.0, 40.0, 8.0, 1, 'จาน'),
(12, 'ข้าวผัดปู', 'recipe_dish', 420.0, 18.0, 60.0, 10.0, 1, 'จาน'),
(13, 'ปลาหมึกย่าง', 'recipe_dish', 150.0, 25.0, 5.0, 3.0, 1, 'จาน'),
(14, 'ข้าวไก่กระเทียม', 'recipe_dish', 480.0, 25.0, 55.0, 15.0, 1, 'จาน'),
(15, 'ยำปูอัด', 'recipe_dish', 180.0, 12.0, 20.0, 5.0, 1, 'จาน'),
(16, 'พาสต้ากุ้ง', 'recipe_dish', 520.0, 22.0, 55.0, 18.0, 1, 'จาน'),
(17, 'ไอศกรีมนมวานิลลา', 'recipe_dish', 210.0, 4.0, 25.0, 11.0, 1, 'ถ้วย'),
(18, 'บัวลอยไข่หวาน', 'recipe_dish', 350.0, 5.0, 50.0, 12.0, 1, 'ถ้วย'),
(19, 'โจ๊กหมูใส่ไข่', 'recipe_dish', 250.0, 15.0, 35.0, 5.0, 1, 'ชาม'),
(20, 'สเต็กไก่', 'recipe_dish', 350.0, 40.0, 5.0, 15.0, 1, 'จาน')
ON CONFLICT (food_id) DO NOTHING;

-- 4. เชื่อมโยงอาหารกับวัตถุดิบ (food_ingredients)
INSERT INTO cleangoal.food_ingredients (food_ing_id, food_id, ingredient_id, amount, calculated_grams) VALUES
(1, 1, 1, 20.0, 20.0), -- แซนด์วิช + ถั่วลิสง
(2, 1, 20, 50.0, 50.0), -- แซนด์วิช + ขนมปัง(กลูเตน)
(3, 2, 2, 100.0, 100.0), -- ข้าวผัดกุ้ง + กุ้ง
(4, 2, 5, 50.0, 50.0), -- ข้าวผัดกุ้ง + ไข่ไก่
(5, 3, 3, 200.0, 200.0), -- นมสด + นมวัว
(6, 4, 14, 150.0, 150.0), -- คาโบนาร่า + พาสต้า(กลูเตน)
(7, 4, 13, 30.0, 30.0), -- คาโบนาร่า + ชีส(นม)
(8, 4, 5, 50.0, 50.0), -- คาโบนาร่า + ไข่
(9, 5, 5, 100.0, 100.0), -- ไข่เจียว + ไข่
(10, 6, 6, 150.0, 150.0), -- ข้าวมันไก่ + ไก่
(11, 7, 10, 150.0, 150.0), -- สลัด + แซลมอน(Seafood)
(12, 8, 2, 100.0, 100.0), -- ต้มยำกุ้ง + กุ้ง
(13, 9, 20, 50.0, 50.0), -- แซนด์วิชแฮมชีส + ขนมปัง(กลูเตน)
(14, 9, 13, 30.0, 30.0), -- แซนด์วิชแฮมชีส + ชีส(นม)
(15, 10, 17, 20.0, 20.0), -- ข้าวเกรียบ + ปลาหมึก
(16, 11, 4, 50.0, 50.0), -- แพนเค้ก + แป้ง(กลูเตน)
(17, 11, 5, 50.0, 50.0), -- แพนเค้ก + ไข่
(18, 11, 3, 50.0, 50.0), -- แพนเค้ก + นม
(19, 12, 15, 50.0, 50.0), -- ข้าวผัดปู + ปูอัด(Seafood)
(20, 13, 17, 150.0, 150.0), -- ปลาหมึกย่าง + ปลาหมึก
(21, 14, 6, 150.0, 150.0), -- ข้าวไก่กระเทียม + ไก่
(22, 15, 15, 50.0, 50.0), -- ยำปูอัด + ปูอัด
(23, 16, 14, 150.0, 150.0), -- พาสต้ากุ้ง + พาสต้า(กลูเตน)
(24, 16, 2, 100.0, 100.0), -- พาสต้ากุ้ง + กุ้ง
(25, 17, 3, 100.0, 100.0), -- ไอติม + นม
(26, 18, 5, 50.0, 50.0), -- บัวลอย + ไข่
(27, 19, 5, 50.0, 50.0), -- โจ๊ก + ไข่
(28, 20, 6, 200.0, 200.0) -- สเต็ก + ไก่
ON CONFLICT (food_ing_id) DO NOTHING;

-- 5. ระบุว่าอาหารไหน มีสารก่อภูมิแพ้อะไร (food_allergy_flags) - เพื่อเอาไปตรวจจับในแอป
INSERT INTO cleangoal.food_allergy_flags (food_id, flag_id) VALUES
(1, 1), -- แซนด์วิชเนยถั่ว -> ถั่วลิสง
(1, 4), -- แซนด์วิชเนยถั่ว -> กลูเตน
(2, 2), -- ข้าวผัดกุ้ง -> อาหารทะเล
(2, 5), -- ข้าวผัดกุ้ง -> ไข่
(3, 3), -- นมสด -> นมวัว
(4, 4), -- คาโบนาร่า -> กลูเตน
(4, 3), -- คาโบนาร่า -> นมวัว
(4, 5), -- คาโบนาร่า -> ไข่
(5, 5), -- ไข่เจียวหมูสับ -> ไข่
(7, 2), -- สลัดแซลมอน -> อาหารทะเล (บางคนแพ้ปลา)
(8, 2), -- ต้มยำกุ้ง -> อาหารทะเล
(9, 4), -- แซนด์วิชแฮมชีส -> กลูเตน
(9, 3), -- แซนด์วิชแฮมชีส -> นมวัว
(10, 2), -- ข้าวเกรียบปลาหมึก -> อาหารทะเล
(11, 4), -- แพนเค้ก -> กลูเตน
(11, 5), -- แพนเค้ก -> ไข่
(11, 3), -- แพนเค้ก -> นมวัว
(12, 2), -- ข้าวผัดปู -> อาหารทะเล
(13, 2), -- ปลาหมึกย่าง -> อาหารทะเล
(15, 2), -- ยำปูอัด -> อาหารทะเล
(16, 4), -- พาสต้ากุ้ง -> กลูเตน
(16, 2), -- พาสต้ากุ้ง -> อาหารทะเล
(17, 3), -- ไอศกรีมนมวานิลลา -> นมวัว
(18, 5), -- บัวลอยไข่หวาน -> ไข่
(19, 5)  -- โจ๊กหมูใส่ไข่ -> ไข่
ON CONFLICT (food_id, flag_id) DO NOTHING;

-- หมายเหตุ: รีเซ็ต Sequence ของทุกตารางให้รัน auto increment ได้ปกติหลัง Insert ID ตรงๆ 
SELECT setval('cleangoal.allergy_flags_flag_id_seq', (SELECT MAX(flag_id) FROM cleangoal.allergy_flags));
SELECT setval('cleangoal.ingredients_ingredient_id_seq', (SELECT MAX(ingredient_id) FROM cleangoal.ingredients));
SELECT setval('cleangoal.foods_food_id_seq', (SELECT MAX(food_id) FROM cleangoal.foods));
SELECT setval('cleangoal.food_ingredients_food_ing_id_seq', (SELECT MAX(food_ing_id) FROM cleangoal.food_ingredients));
